その他,アクリル製,2017水戸バンバンアクリルフィギュア,水戸
,ギフトカード,水戸2018Twitterギフトカード,水戸
,マグカップ,#ビックロたんに告白大会　ビックロたん特製マグカップ,しんじゅく
複数,ポストカード,複数店舗2019年賀状ポストカード横Ver.,水戸
,,,八王子
,,,船橋
,,,しんじゅく
,,,プロスタ
,,,藤沢
,,,フォト
,,,新西
,,,カメ館
,,,パソ館
,,,あべの
,,,立川
,,,京都
,,,なごやげーと
,,,池西
,,,調布
,,,天神2号
,,,鹿児島
,,複数店舗2019年賀状ポストカード縦Ver.,水戸
,,,柏
,,,浜松
,,,さがみ
,,,本店
,,,大宮
,,,なごや
,,,有楽町
,,,さっぽろ
,,,広島
,,,せいせき
,,,岡山
,,,川崎
,,,なんば
,,,アキバ
,,,ふなとー
,,複数店舗2020年賀状ポストカード横Ver.,水戸
,,,八王子
,,,船橋
,,,浜松
,,,プロスタ
,,,有楽町
,,,新西
,,,カメ館
,,,パソ館
,,,さっぽろ
,,,広島
,,,あべの
,,,立川
,,,川崎
,,,京都
,,,なごやげーと
,,,鹿児島
,,,しぶハチ
,,,しぶとー
,,複数店舗2020年賀状ポストカード縦Ver.,水戸
,,,柏
,,,しんじゅく
,,,さがみ
,,,本店
,,,大宮
,,,藤沢
,,,フォト
,,,なごや
,,,せいせき
,,,岡山
,,,なんば
,,,池西
,,,アキバ
,,,調布
,,,天神2号
,,,ふなとー
,,,にいがた
,,,みっけ
,,,町田
,,複数店舗2021年賀状ポストカード横Ver.,水戸
,,,八王子
,,,船橋
,,,しんじゅく
,,,浜松
,,,プロスタ
,,,有楽町
,,,新西
,,,カメ館
,,,パソ館
,,,さっぽろ
,,,広島
,,,あべの
,,,立川
,,,川崎
,,,京都
,,,なごやげーと
,,,鹿児島
,,,しぶハチ
,,,しぶとー
,,複数店舗2021年賀状ポストカード縦Ver.,水戸
,,,柏
,,,さがみ
,,,本店
,,,大宮
,,,藤沢
,,,フォト
,,,なごや
,,,せいせき
,,,岡山
,,,なんば
,,,池西
,,,アキバ
,,,調布
,,,天神2号
,,,ふなとー
,,,にいがた
,,,みっけ
,,,町田
,コースター,複数店舗2019なごや&なごやげーと金しゃちコースター,なごや
,,,なごやげーと
,,複数店舗2019なごやげーと金しゃちコースター,なごやげーと
,,複数店舗2019なごや金しゃちコースター,なごや
,ポップアップカード,複数店舗2020#ビックカメラのチョ娘2020　ポップアップカード　グループA,水戸
,,,本店
,,,プロスタ
,,,フォト
,,,カメ館
,,,パソ館
,,,岡山
,,,京都
,,,なごやげーと
,,,池西
,,,天神2号
,,,にいがた
,,,町田
,,複数店舗2020#ビックカメラのチョ娘2020　ポップアップカード　グループB,柏
,,,八王子
,,,船橋
,,,浜松
,,,有楽町
,,,さっぽろ
,,,せいせき
,,,あべの
,,,立川
,,,アキバ
,,,調布
,,,ふなとー
,,,みっけ
,,複数店舗2020#ビックカメラのチョ娘2020　ポップアップカード　グループC,しんじゅく
,,,さがみ
,,,大宮
,,,藤沢
,,,なごや
,,,新西
,,,広島
,,,川崎
,,,なんば
,,,鹿児島
,,,しぶハチ
,,,しぶとー
,,,新横
,食品,複数店舗2019#ビックカメラのチョ娘　キットカット　グループB,水戸
,,,フォト
,,,にいがた
,,複数店舗2019#ビックカメラのチョ娘　キットカット　グループC,八王子
,,,鹿児島
,,,みっけ
,,複数店舗2019#ビックカメラのチョ娘　キットカット　グループD,カメ館
,,,天神2号
,,,ふなとー
,,複数店舗2019#ビックカメラのチョ娘　キットカット　グループE,なんば
,,,池西
,,,調布
,,複数店舗2019#ビックカメラのチョ娘　キットカット　グループF,せいせき
,,,岡山
,,,アキバ
,,複数店舗2019#ビックカメラのチョ娘　キットカット　グループG,浜松
,,,本店
,,,川崎
,,複数店舗2019#ビックカメラのチョ娘　キットカット　グループH,大宮
,,,なごや
,,,パソ館
,,複数店舗2019#ビックカメラのチョ娘　キットカット　グループJ,船橋
,,,さっぽろ
,,,立川
,,複数店舗2019#ビックカメラのチョ娘　キットカット　グループK,柏
,,,広島
,,,みっけ
,,複数店舗2019#ビックカメラのチョ娘　キットカット　グループM,さがみ
,,,プロスタ
,,,京都
,,複数店舗2019#ビックカメラのチョ娘　キットカット　グループN,藤沢
,,,新西
,,,あべの
,カレンダー,複数店舗2018カレンダー①,船橋
,,,さがみ
,,,本店
,,,天神2号
,,複数店舗2018カレンダー②,水戸
,,,浜松
,,,フォト
,,,川崎
,,複数店舗2018カレンダー③,しんじゅく
,,,あべの
,,,京都
,,,調布
,,複数店舗2018カレンダー④,新西
,,,カメ館
,,,立川
,,,なごやげーと
,,複数店舗2018カレンダー⑤,藤沢
,,,パソ館
,,,さっぽろ
,,,アキバ
,,複数店舗2018カレンダー⑥,柏
,,,大宮
,,,広島
,,,せいせき
,,複数店舗2018カレンダー⑦,なごや
,,,有楽町
,,,岡山
,,,池西
,,複数店舗2018カレンダー⑧,八王子
,,,プロスタ
,,,なんば
,,,ふなとー
,,,鹿児島
,うちわ,複数店舗2017#ビックカメラのうちわ娘ユニット選抜　うちわ①,水戸
,,,さがみ
,,,本店
,,,大宮
,,,さっぽろ
,,,アキバ
,,複数店舗2017#ビックカメラのうちわ娘ユニット選抜　うちわ②,さがみ
,,,本店
,,,さっぽろ
,,,池西
,,,アキバ
,,複数店舗2017#ビックカメラのうちわ娘ユニット選抜　うちわ③,八王子
,,,さがみ
,,,本店
,,,なごや
,,,有楽町
,,,さっぽろ
,,,アキバ
,,複数店舗2017#ビックカメラのうちわ娘ユニット選抜　うちわ④,船橋
,,,さがみ
,,,本店
,,,さっぽろ
,,,あべの
,,,アキバ
,,複数店舗2017#ビックカメラのうちわ娘ユニット選抜　うちわ⑤,柏
,,,さがみ
,,,本店
,,,フォト
,,,さっぽろ
,,,なんば
,,,アキバ
,,複数店舗2017#ビックカメラのうちわ娘ユニット選抜　うちわ⑥,さがみ
,,,本店
,,,新西
,,,さっぽろ
,,,せいせき
,,,岡山
,,,アキバ
,,複数店舗2017#ビックカメラのうちわ娘ユニット選抜　うちわ⑦,しんじゅく
,,,浜松
,,,さがみ
,,,本店
,,,さっぽろ
,,,アキバ
,,複数店舗2017#ビックカメラのうちわ娘ユニット選抜　うちわ⑧,さがみ
,,,本店
,,,プロスタ
,,,藤沢
,,,さっぽろ
,,,なごやげーと
,,,アキバ
,,複数店舗2017#ビックカメラのうちわ娘ユニット選抜　うちわ⑨,さがみ
,,,本店
,,,パソ館
,,,さっぽろ
,,,広島
,,,川崎
,,,アキバ
,,複数店舗2017#ビックカメラのうちわ娘ユニット選抜　うちわ⑩,さがみ
,,,本店
,,,カメ館
,,,さっぽろ
,,,立川
,,,京都
,,,アキバ
,,複数店舗2018うちわパターンA,水戸
,,,浜松
,,,本店
,,,プロスタ
,,,大宮
,,,フォト
,,,カメ館
,,,パソ館
,,,なんば
,,,池西
,,,調布
,,,天神2号
,,,ふなとー
,,,鹿児島
,,,にいがた
,,複数店舗2018うちわパターンB,柏
,,,船橋
,,,しんじゅく
,,,さがみ
,,,なごや
,,,新西
,,,広島
,,,川崎
,,,京都
,,,調布
,,,天神2号
,,,ふなとー
,,,鹿児島
,,,にいがた
,,複数店舗2018うちわパターンC,八王子
,,,藤沢
,,,有楽町
,,,さっぽろ
,,,せいせき
,,,あべの
,,,岡山
,,,立川
,,,なごやげーと
,,,アキバ
,,,調布
,,,天神2号
,,,ふなとー
,,,鹿児島
,,,にいがた
,トレーディングカード,複数店舗WIXOSSさっぽろ,さっぽろ
,,複数店舗WIXOSSなごや,なごや
,,複数店舗WIXOSSなんば,なんば
,,複数店舗WIXOSS旧ビックロ,しんじゅく
,,複数店舗WIXOSS水戸,水戸
,,複数店舗WIXOSS水戸 ウインクVer.,水戸
,クリアファイル,BIC SIM×ビッカメ娘 コラボA4クリアファイル,水戸
,,,柏
,,,八王子
,,,船橋
,,,しんじゅく
,,,浜松
,,,さがみ
,,,本店
,,,プロスタ
,,,大宮
,,,藤沢
,,,フォト
,,,なごや
,,,有楽町
,,,新西
,,,カメ館
,,,パソ館
,,,さっぽろ
,,,広島
,,,せいせき
,,,あべの
,,,岡山
,,,立川
,,,川崎
,,,京都
,,,なんば
水戸,名刺,水戸2018オープン7周年名刺,水戸
,,水戸2018クリスマス名刺,水戸
,,水戸2018ハロウィン名刺,水戸
,,水戸2018バレンタイン名刺,水戸
,,水戸2019ハロウィン名刺,水戸
,,水戸2019バレンタイン名刺,水戸
,,水戸2019バースデー名刺,水戸
,,水戸2019正月名刺,水戸
,,水戸2022正月名刺,水戸
,ポストカード,水戸2017オープン6周年ポストカード,水戸
,,水戸2017バレンタインポストカード,水戸
,アクリル製,水戸2018生誕祭アクリルフィギュア,水戸
,,水戸2019アクリルキーホルダー,水戸
,ギフトカード,水戸2015#ビックカメラ水戸たん薄い本フェスティバル　イベント記念ギフトカード,水戸
,,,柏
,,,八王子
,,,船橋
,,,しんじゅく
,,,浜松
,,,さがみ
,,水戸2018水戸の日ギフトカード,水戸
,,水戸店水戸の夏2018ギフトカード,水戸
,,,船橋
,,,しんじゅく
,食品,水戸2016#ビックカメラのチョ娘　キットカット,水戸
,,水戸2017#ビックカメラのチョ娘　キットカット,水戸
,うちわ,水戸2016うちわ,水戸
,,,大宮
,,,なごや
,シール/ステッカー,水戸2017#水戸イズミ　ステッカー,水戸
,,,柏
,,,八王子
,,,船橋
,,,しんじゅく
,,,浜松
,,,さがみ
,,,本店
,,,プロスタ
,,,大宮
,,,藤沢
,,,フォト
,,,なごや
,,,有楽町
,,,新西
,,,カメ館
,,,パソ館
,,,さっぽろ
,,,広島
,,,せいせき
,,,あべの
,,,岡山
,,,立川
,,,川崎
,,,京都
柏,食品,柏2016#ビックカメラのチョ娘　キットカット,柏
,,柏2017#ビックカメラのチョ娘　キットカット,柏
,うちわ,柏2016うちわ,水戸
,,,柏
,,,大宮
,,,なごや
八王子,食品,八王子2016#ビックカメラのチョ娘　キットカット,八王子
,,八王子2017#ビックカメラのチョ娘　キットカット,八王子
,うちわ,八王子2016うちわ,水戸
,,,八王子
,,,大宮
,,,なごや
船橋,食品,船橋2016#ビックカメラのチョ娘　キットカット,船橋
,,船橋2017#ビックカメラのチョ娘　キットカット,船橋
,うちわ,船橋2016うちわ,水戸
,,,船橋
,,,大宮
,,,なごや
しんじゅく,食品,旧ビックロ2016#ビックカメラのチョ娘　キットカット,しんじゅく
,,旧ビックロ2017#ビックカメラのチョ娘　キットカット,しんじゅく
,,旧ビックロ2019#ビックカメラのチョ娘　キットカット　グループI,しんじゅく
,うちわ,旧ビックロ2016うちわ,水戸
,,,しんじゅく
,,,大宮
,,,なごや
,,旧ビックロ2019ビッカメ娘×ないせん！うちわ,しんじゅく
,,,新西
,シール/ステッカー,旧ビックロ2015シール,しんじゅく
浜松,食品,浜松2016#ビックカメラのチョ娘　キットカット,浜松
,,浜松2017#ビックカメラのチョ娘　キットカット,浜松
,うちわ,浜松2016うちわ,水戸
,,,浜松
,,,大宮
,,,なごや
さがみ,食品,さがみ2016#ビックカメラのチョ娘　キットカット,さがみ
,,さがみ2017#ビックカメラのチョ娘　キットカット,さがみ
,うちわ,さがみ2016うちわ,水戸
,,,さがみ
,,,大宮
,,,なごや
本店,食品,本店2016#ビックカメラのチョ娘　キットカット,本店
,,本店2017#ビックカメラのチョ娘　キットカット,本店
,うちわ,本店2016うちわ,水戸
,,,本店
,,,大宮
,,,なごや
プロスタ,食品,プロスタ2016#ビックカメラのチョ娘　キットカット,プロスタ
,,プロスタ2017#ビックカメラのチョ娘　キットカット,プロスタ
,うちわ,プロスタ2016うちわ,水戸
,,,プロスタ
,,,大宮
,,,なごや
大宮,食品,大宮2016#ビックカメラのチョ娘　キットカット,大宮
,,大宮2017#ビックカメラのチョ娘　キットカット,大宮
,うちわ,大宮2016うちわ,水戸
,,,大宮
,,,なごや
藤沢,食品,藤沢2017#ビックカメラのチョ娘　キットカット,藤沢
,うちわ,藤沢2016うちわ,水戸
,,,大宮
,,,藤沢
,,,なごや
フォト,食品,フォト2017#ビックカメラのチョ娘　キットカット,フォト
,うちわ,フォト2016うちわ,水戸
,,,大宮
,,,フォト
,,,なごや
なごや,食品,なごや2017#ビックカメラのチョ娘　キットカット,なごや
,うちわ,なごや2016うちわ,水戸
,,,大宮
,,,なごや
有楽町,食品,有楽町2017#ビックカメラのチョ娘　キットカット,有楽町
,,有楽町2019#ビックカメラのチョ娘　キットカット　グループL,有楽町
,うちわ,有楽町2016うちわ,水戸
,,,大宮
,,,なごや
,,,有楽町
新西,食品,新西2017#ビックカメラのチョ娘　キットカット,新西
,うちわ,新西2016うちわ,水戸
,,,大宮
,,,なごや
,,,新西
カメ館,食品,カメ館2017#ビックカメラのチョ娘　キットカット,カメ館
パソ館,食品,パソ館2017#ビックカメラのチョ娘　キットカット,パソ館
さっぽろ,食品,さっぽろ2017#ビックカメラのチョ娘　キットカット,さっぽろ
広島,食品,広島2017#ビックカメラのチョ娘　キットカット,広島
せいせき,食品,せいせき2017#ビックカメラのチョ娘　キットカット,せいせき
あべの,食品,あべの2017#ビックカメラのチョ娘　キットカット,あべの
岡山,食品,岡山2017#ビックカメラのチョ娘　キットカット,岡山
立川,食品,立川2017#ビックカメラのチョ娘　キットカット,立川
川崎,食品,川崎2017#ビックカメラのチョ娘　キットカット,川崎
京都,食品,京都2017#ビックカメラのチョ娘　キットカット,京都
なごやげーと,コースター,なごやげーと2017#なごやたんお誕生会　なごやげーとコースター,なごやげーと
,,なごやげーと2017#なごやたんお誕生会　なごやコースター,なごや
,,なごやげーと2017#なごやたんお誕生会　カメ館コースター,カメ館
,,なごやげーと2017#なごやたんお誕生会　八王子コースター,八王子
,,なごやげーと2017#なごやたんお誕生会　大宮コースター,大宮
,,なごやげーと2017#なごやたんお誕生会　岡山コースター,岡山
,,なごやげーと2017#なごやたんお誕生会　浜松復刻版コースター,浜松
,食品,なごやげーと2019#ビックカメラのチョ娘　キットカット　グループA,なごやげーと
